[{"place_id": 105702856, "licence": "Data \u00a9 OpenStreetMap contributors, ODbL 1.0. http://osm.org/copyright", "osm_type": "node", "osm_id": 9641684303, "lat": "48.7451145", "lon": "9.3221482", "class": "amenity", "type": "library", "place_rank": 30, "importance": 6.154345006480533e-05, "addresstype": "amenity", "name": "Hochschulbibliothek Esslingen", "display_name": "Hochschulbibliothek Esslingen, 101, Flandernstra\u00dfe, Sankt Bernhardt, Esslingen am Neckar, Filderstadt, Landkreis Esslingen, Baden-W\u00fcrttemberg, 73732, Germany", "boundingbox": ["48.7450645", "48.7451645", "9.3220982", "9.3221982"], "geojson": {"type": "Point", "coordinates": [9.3221482, 48.7451145]}}]