[{"place_id": 105077692, "licence": "Data \u00a9 OpenStreetMap contributors, ODbL 1.0. http://osm.org/copyright", "osm_type": "node", "osm_id": 1219607420, "lat": "48.7388888", "lon": "9.3011905", "class": "amenity", "type": "bus_station", "place_rank": 30, "importance": 6.154345006480533e-05, "addresstype": "amenity", "name": "Esslingen ZOB", "display_name": "Esslingen ZOB, Eugenie-von-Soden-Stra\u00dfe, Innenstadt, Esslingen am Neckar, Aichwald, Landkreis Esslingen, Baden-W\u00fcrttemberg, 73728, Germany", "boundingbox": ["48.7388388", "48.7389388", "9.3011405", "9.3012405"], "geojson": {"type": "Point", "coordinates": [9.3011905, 48.7388888]}}]