[{"place_id": 289876764, "licence": "Data \u00a9 OpenStreetMap contributors, ODbL 1.0. http://osm.org/copyright", "osm_type": "node", "osm_id": 610327641, "lat": "28.1692933", "lon": "-14.2228246", "class": "amenity", "type": "cafe", "place_rank": 30, "importance": 9.99999999995449e-06, "addresstype": "amenity", "name": "Center", "display_name": "Center, Plaza Hapag Lloyd, Ca\u00f1ada del R\u00edo, Costa Calma, P\u00e1jara, Las Palmas, Canary Islands, 35627, Spain", "boundingbox": ["28.1692433", "28.1693433", "-14.2228746", "-14.2227746"], "geojson": {"type": "Point", "coordinates": [-14.2228246, 28.1692933]}}, {"place_id": 200460293, "licence": "Data \u00a9 OpenStreetMap contributors, ODbL 1.0. http://osm.org/copyright", "osm_type": "node", "osm_id": 904032175, "lat": "48.2547244", "lon": "20.3640525", "class": "place", "type": "suburb", "place_rank": 19, "importance": 0.27501, "addresstype": "suburb", "name": "Center", "display_name": "Center, \u00d3zd, \u00d3zdi j\u00e1r\u00e1s, Borsod-Aba\u00faj-Zempl\u00e9n, North Hungary, Great Plain and North, 3651, Hungary", "boundingbox": ["48.2347244", "48.2747244", "20.3440525", "20.3840525"], "geojson": {"type": "Point", "coordinates": [20.3640525, 48.2547244]}}]