[{"place_id": 112061017, "licence": "Data \u00a9 OpenStreetMap contributors, ODbL 1.0. http://osm.org/copyright", "osm_type": "way", "osm_id": 283413806, "lat": "48.7403229", "lon": "9.3012276", "class": "highway", "type": "secondary", "place_rank": 26, "importance": 0.053394876783398146, "addresstype": "road", "name": "Berliner Stra\u00dfe", "display_name": "Berliner Stra\u00dfe, Innenstadt, Esslingen am Neckar, Landkreis Esslingen, Baden-W\u00fcrttemberg, 73728, Germany", "address": {"road": "Berliner Stra\u00dfe", "suburb": "Innenstadt", "town": "Esslingen am Neckar", "county": "Landkreis Esslingen", "state": "Baden-W\u00fcrttemberg", "ISO3166-2-lvl4": "DE-BW", "postcode": "73728", "country": "Germany", "country_code": "de"}, "boundingbox": ["48.7397429", "48.7407668", "9.3006757", "9.3015867"], "geojson": {"type": "LineString", "coordinates": [[9.3006757, 48.7397429], [9.3007346, 48.7397714], [9.3007847, 48.7398023], [9.3008434, 48.7398483], [9.300902, 48.7399095], [9.3010471, 48.7400939], [9.3012276, 48.7403229], [9.3013568, 48.740491], [9.301441, 48.7405962], [9.3014666, 48.7406277], [9.3014916, 48.7406596], [9.3015867, 48.7407668]]}}]